{
   "Gender" : 1,
   "HairColor" : "Fallout4.esm|19EE65",
   "HeadParts" : [
      "AzarPonytailHairstyles.esp|000FBD",
      "Fallout4.esm|04D0EB",
      "Fallout4.esm|04D0E9",
      "Fallout4.esm|0CFB4E",
      "Fallout4.esm|0CFB3F",
      "Fallout4.esm|11CCBC"
   ],
   "Morphs" : {
      "Presets" : {
         "36EF34FC" : 1,
         "36EF352B" : 1,
         "36EF3566" : 1,
         "36EF35D7" : -0.2600000202655792,
         "36EF35D8" : -0.8899999856948853,
         "36EF35D9" : -1,
         "36EF35DA" : -0.3300000131130219,
         "36EF3650" : 1,
         "36EF3673" : 1,
         "36EF369B" : 1
      },
      "Regions" : {
         "186A0" : [
            -0.3539954125881195,
            0.6599999666213989,
            0.1400000005960465,
            -0.1000000089406967,
            0,
            0,
            0,
            0
         ],
         "186A1" : [ -0.690000057220459, -1, -0.9099999666213989, 0, 0, 0, 0, 0 ],
         "186A2" : [
            -0.5299999713897705,
            0.03000002540647984,
            0.1999999731779099,
            0,
            0,
            0,
            0,
            0
         ],
         "186A3" : [
            -0.300000011920929,
            -0.4300000071525574,
            -0.3299999833106995,
            0,
            0,
            0,
            -2.775557561562891e-017,
            0
         ],
         "186A4" : [
            0,
            -0.5331469774246216,
            -0.09999997913837433,
            0,
            0,
            0,
            0.03999999910593033,
            0
         ],
         "186A5" : [
            -0.2000000029802322,
            -0.223286435008049,
            -0.2800000011920929,
            0,
            -0.2000000029802322,
            0,
            -0.09000000357627869,
            0
         ],
         "186A6" : [ 1, -0.09000000357627869, 0, 0, 0, 0, 0, 0 ],
         "186A7" : [ 1, -0.1099999994039536, 0, 0, 0, 0, 0, 0 ],
         "186A8" : [ 1, -0.09283630549907684, 0, 0, 0, 0, 0, 0 ],
         "186A9" : [
            -0.6356447339057922,
            -0.09000001102685928,
            -0.64000004529953,
            0,
            0,
            0,
            0.1000000014901161,
            0
         ],
         "186AA" : [
            -0.2000000178813934,
            -0.6399999856948853,
            -0.3499999940395355,
            0,
            0,
            0,
            0.1000000014901161,
            0
         ],
         "186AB" : [ -1, 0.4200000166893005, -0.4600000083446503, 0, 0, 0, -1, 0 ],
         "186AC" : [
            -0.800000011920929,
            0.3699999749660492,
            0.1400000303983688,
            0,
            0,
            0,
            0,
            0
         ],
         "186AD" : [ 0, -0.4099999964237213, 0.1799999922513962, 0, 0, 0, 0, 0 ],
         "186AE" : [
            -0.09162367135286331,
            0.1709921061992645,
            -0.550000011920929,
            0.1000000014901161,
            0,
            0,
            -0.25,
            0
         ],
         "186AF" : [ 0, 0, -1, 0, 0, 0, 0, 0 ],
         "186B0" : [
            0.1200000047683716,
            -0.2900000512599945,
            -1,
            -0.1700000017881393,
            0,
            0.300000011920929,
            0.2099999934434891,
            0
         ],
         "186B1" : [
            0.3400000035762787,
            -0.4300000071525574,
            0.5799999833106995,
            -0.300000011920929,
            0,
            0,
            -1,
            0
         ],
         "186B2" : [ 0, -0.5412891507148743, -0.4000000059604645, 0, 0, 0, -1, 0 ],
         "186B3" : [
            0.1060720235109329,
            -0.6699999570846558,
            0.4000000059604645,
            -0.09999999403953552,
            0,
            0,
            0.1000000014901161,
            0
         ],
         "186B4" : [
            -0.370879590511322,
            -0.059999980032444,
            -0.6000000238418579,
            0,
            0,
            0,
            -0.4000000059604645,
            0
         ],
         "186B5" : [
            -0.7799999713897705,
            0.5699999928474426,
            0.1000000014901161,
            0,
            0,
            0.3999999761581421,
            0,
            0
         ],
         "186B6" : [
            0,
            0.09000001847743988,
            0.08000001311302185,
            0,
            0,
            0,
            0.2000000178813934,
            0
         ],
         "186B7" : [ 0, -1, -0.699999988079071, 0, 0, 0, -1.788139414315992e-008, 0 ],
         "186B8" : [ 0, -1, -0.2000000029802322, 0, 0, 0, -0.1000000014901161, 0 ],
         "186B9" : [ 0.173368975520134, -1, -1, 0, 0, 0, 0, 0 ],
         "186BA" : [ 0.4800000488758087, 0.1199999824166298, -1, 0, 0, 0, 0, 0 ],
         "186BB" : [ 0, 0.7700000405311585, 0.1599999815225601, 0, 0, 0, 0, 0 ],
         "274E" : [ -1, -0.08000003546476364, 0.1199999824166298, 0, 0, 0, 0, 0 ],
         "274F" : [ 0, -0.3499999940395355, 0.02999999932944775, 0, 0, 0, 0, 0 ]
      },
      "Values" : [ 0.4099999964237213, 0, 0, 0, 0 ]
   },
   "TintOrder" : [
      "4D7",
      "726",
      "527",
      "528",
      "746",
      "756",
      "6E2",
      "744",
      "757",
      "51E",
      "752",
      "720",
      "51F",
      "490",
      "6B8"
   ],
   "Tints" : {
      "490" : {
         "Color" : 13358055,
         "ColorID" : 1159,
         "Percent" : 100,
         "Type" : 1
      },
      "4D7" : {
         "Percent" : 100,
         "Type" : 2
      },
      "51E" : {
         "Color" : 0,
         "ColorID" : 1824,
         "Percent" : 79,
         "Type" : 1
      },
      "51F" : {
         "Color" : 0,
         "ColorID" : 1824,
         "Percent" : 90,
         "Type" : 1
      },
      "527" : {
         "Percent" : 39,
         "Type" : 2
      },
      "528" : {
         "Color" : 2436920,
         "ColorID" : 1339,
         "Percent" : 50,
         "Type" : 1
      },
      "6B8" : {
         "Percent" : 79,
         "Type" : 2
      },
      "6E2" : {
         "Color" : 0,
         "ColorID" : 1824,
         "Percent" : 90,
         "Type" : 1
      },
      "720" : {
         "Color" : 0,
         "ColorID" : 1824,
         "Percent" : 90,
         "Type" : 1
      },
      "726" : {
         "Color" : 3604824,
         "ColorID" : 1824,
         "Percent" : 90,
         "Type" : 1
      },
      "744" : {
         "Color" : 0,
         "ColorID" : 1824,
         "Percent" : 90,
         "Type" : 1
      },
      "746" : {
         "Color" : 0,
         "ColorID" : 1824,
         "Percent" : 90,
         "Type" : 1
      },
      "752" : {
         "Color" : 0,
         "ColorID" : 1824,
         "Percent" : 70,
         "Type" : 1
      },
      "756" : {
         "Color" : 0,
         "ColorID" : 1824,
         "Percent" : 90,
         "Type" : 1
      },
      "757" : {
         "Color" : 0,
         "ColorID" : 1824,
         "Percent" : 79,
         "Type" : 1
      }
   },
   "Weight" : [ 0.3314000070095062, 0.3873000144958496, 0.2813999950885773 ]
}
